{"errors":[],"warnings":[],"namedChunkGroups":{"app":{"chunks":[14,4],"assets":["webpack-runtime-52c9cebd901b6ab6660e.js","webpack-runtime-52c9cebd901b6ab6660e.js.map","app-e4c2f2c711d460b2f774.js","app-e4c2f2c711d460b2f774.js.map"],"children":{},"childAssets":{}},"component---src-pages-404-js":{"chunks":[0,5],"assets":["0-d5c5bb138513faba7436.js","0-d5c5bb138513faba7436.js.map","component---src-pages-404-js-2bcbb626016db5055cec.js","component---src-pages-404-js-2bcbb626016db5055cec.js.map"],"children":{},"childAssets":{}},"component---src-pages-about-js":{"chunks":[0,2,1,6],"assets":["0-d5c5bb138513faba7436.js","0-d5c5bb138513faba7436.js.map","2-bc8503edb4f9a2a8927f.js","2-bc8503edb4f9a2a8927f.js.map","1-5d88e8a963243bb7d216.js","1-5d88e8a963243bb7d216.js.map","component---src-pages-about-js-35a59cbcdb80f4582b5d.js","component---src-pages-about-js-35a59cbcdb80f4582b5d.js.map"],"children":{},"childAssets":{}},"component---src-pages-categories-js":{"chunks":[0,2,3,1,7],"assets":["0-d5c5bb138513faba7436.js","0-d5c5bb138513faba7436.js.map","2-bc8503edb4f9a2a8927f.js","2-bc8503edb4f9a2a8927f.js.map","3.33000211d2f84a172c6a.css","3-2191fb98cbb2e471852a.js","3.33000211d2f84a172c6a.css.map","3-2191fb98cbb2e471852a.js.map","1-5d88e8a963243bb7d216.js","1-5d88e8a963243bb7d216.js.map","component---src-pages-categories-js-8d35eabe1351504a28cf.js","component---src-pages-categories-js-8d35eabe1351504a28cf.js.map"],"children":{},"childAssets":{}},"component---src-pages-index-js":{"chunks":[0,2,3,1,8],"assets":["0-d5c5bb138513faba7436.js","0-d5c5bb138513faba7436.js.map","2-bc8503edb4f9a2a8927f.js","2-bc8503edb4f9a2a8927f.js.map","3.33000211d2f84a172c6a.css","3-2191fb98cbb2e471852a.js","3.33000211d2f84a172c6a.css.map","3-2191fb98cbb2e471852a.js.map","1-5d88e8a963243bb7d216.js","1-5d88e8a963243bb7d216.js.map","component---src-pages-index-js-0753a799f48ce620cdb8.js","component---src-pages-index-js-0753a799f48ce620cdb8.js.map"],"children":{},"childAssets":{}},"component---src-pages-newsletter-js":{"chunks":[0,1,9],"assets":["0-d5c5bb138513faba7436.js","0-d5c5bb138513faba7436.js.map","1-5d88e8a963243bb7d216.js","1-5d88e8a963243bb7d216.js.map","component---src-pages-newsletter-js-976de3acf664f0191a26.js","component---src-pages-newsletter-js-976de3acf664f0191a26.js.map"],"children":{},"childAssets":{}},"component---src-pages-posts-js":{"chunks":[0,2,3,1,10],"assets":["0-d5c5bb138513faba7436.js","0-d5c5bb138513faba7436.js.map","2-bc8503edb4f9a2a8927f.js","2-bc8503edb4f9a2a8927f.js.map","3.33000211d2f84a172c6a.css","3-2191fb98cbb2e471852a.js","3.33000211d2f84a172c6a.css.map","3-2191fb98cbb2e471852a.js.map","1-5d88e8a963243bb7d216.js","1-5d88e8a963243bb7d216.js.map","component---src-pages-posts-js-6c471f72fee9db7d6236.js","component---src-pages-posts-js-6c471f72fee9db7d6236.js.map"],"children":{},"childAssets":{}},"component---src-pages-search-js":{"chunks":[0,2,3,1,11],"assets":["0-d5c5bb138513faba7436.js","0-d5c5bb138513faba7436.js.map","2-bc8503edb4f9a2a8927f.js","2-bc8503edb4f9a2a8927f.js.map","3.33000211d2f84a172c6a.css","3-2191fb98cbb2e471852a.js","3.33000211d2f84a172c6a.css.map","3-2191fb98cbb2e471852a.js.map","1-5d88e8a963243bb7d216.js","1-5d88e8a963243bb7d216.js.map","component---src-pages-search-js-40d8db54dbfa6ec9c011.js","component---src-pages-search-js-40d8db54dbfa6ec9c011.js.map"],"children":{},"childAssets":{}},"component---src-pages-sponsored-js":{"chunks":[0,2,1,12],"assets":["0-d5c5bb138513faba7436.js","0-d5c5bb138513faba7436.js.map","2-bc8503edb4f9a2a8927f.js","2-bc8503edb4f9a2a8927f.js.map","1-5d88e8a963243bb7d216.js","1-5d88e8a963243bb7d216.js.map","component---src-pages-sponsored-js-d71c4444488054ab9ff1.js","component---src-pages-sponsored-js-d71c4444488054ab9ff1.js.map"],"children":{},"childAssets":{}}},"assetsByChunkName":{"app":["webpack-runtime-52c9cebd901b6ab6660e.js","app-e4c2f2c711d460b2f774.js"],"component---src-pages-404-js":["0-d5c5bb138513faba7436.js","component---src-pages-404-js-2bcbb626016db5055cec.js"],"component---src-pages-about-js":["0-d5c5bb138513faba7436.js","2-bc8503edb4f9a2a8927f.js","1-5d88e8a963243bb7d216.js","component---src-pages-about-js-35a59cbcdb80f4582b5d.js"],"component---src-pages-categories-js":["0-d5c5bb138513faba7436.js","2-bc8503edb4f9a2a8927f.js","3.33000211d2f84a172c6a.css","3-2191fb98cbb2e471852a.js","1-5d88e8a963243bb7d216.js","component---src-pages-categories-js-8d35eabe1351504a28cf.js"],"component---src-pages-index-js":["0-d5c5bb138513faba7436.js","2-bc8503edb4f9a2a8927f.js","3.33000211d2f84a172c6a.css","3-2191fb98cbb2e471852a.js","1-5d88e8a963243bb7d216.js","component---src-pages-index-js-0753a799f48ce620cdb8.js"],"component---src-pages-newsletter-js":["0-d5c5bb138513faba7436.js","1-5d88e8a963243bb7d216.js","component---src-pages-newsletter-js-976de3acf664f0191a26.js"],"component---src-pages-posts-js":["0-d5c5bb138513faba7436.js","2-bc8503edb4f9a2a8927f.js","3.33000211d2f84a172c6a.css","3-2191fb98cbb2e471852a.js","1-5d88e8a963243bb7d216.js","component---src-pages-posts-js-6c471f72fee9db7d6236.js"],"component---src-pages-search-js":["0-d5c5bb138513faba7436.js","2-bc8503edb4f9a2a8927f.js","3.33000211d2f84a172c6a.css","3-2191fb98cbb2e471852a.js","1-5d88e8a963243bb7d216.js","component---src-pages-search-js-40d8db54dbfa6ec9c011.js"],"component---src-pages-sponsored-js":["0-d5c5bb138513faba7436.js","2-bc8503edb4f9a2a8927f.js","1-5d88e8a963243bb7d216.js","component---src-pages-sponsored-js-d71c4444488054ab9ff1.js"]}}