{"errors":[],"warnings":[],"namedChunkGroups":{"app":{"chunks":[6,1],"assets":["webpack-runtime-b090c3d71696a6015760.js","webpack-runtime-b090c3d71696a6015760.js.map","app-1a443f471997470c4916.js","app-1a443f471997470c4916.js.map"],"children":{},"childAssets":{}},"component---src-pages-404-js":{"chunks":[0,2],"assets":["0-d3a392d03e4b625c5f56.js","0-d3a392d03e4b625c5f56.js.map","component---src-pages-404-js-ca9e8b0be85fb7422cb8.js","component---src-pages-404-js-ca9e8b0be85fb7422cb8.js.map"],"children":{},"childAssets":{}},"component---src-pages-index-js":{"chunks":[0,5,3],"assets":["0-d3a392d03e4b625c5f56.js","0-d3a392d03e4b625c5f56.js.map","5.12099edc70c6fa23105c.css","5-4f2e30c9bce6b4bc532d.js","5.12099edc70c6fa23105c.css.map","5-4f2e30c9bce6b4bc532d.js.map","component---src-pages-index-js-05cf5dfb26e7ea457777.js","component---src-pages-index-js-05cf5dfb26e7ea457777.js.map"],"children":{},"childAssets":{}}},"assetsByChunkName":{"app":["webpack-runtime-b090c3d71696a6015760.js","app-1a443f471997470c4916.js"],"component---src-pages-404-js":["0-d3a392d03e4b625c5f56.js","component---src-pages-404-js-ca9e8b0be85fb7422cb8.js"],"component---src-pages-index-js":["0-d3a392d03e4b625c5f56.js","5.12099edc70c6fa23105c.css","5-4f2e30c9bce6b4bc532d.js","component---src-pages-index-js-05cf5dfb26e7ea457777.js"]}}